{
  "1": {
    "id": 1,
    "name": "The Ultimate Filmmaking Workshop.",
    "bio": "In this workshop, Our instructor, Mahmoud, will talk about the whole director role in the set and how he should controll the whole crew. After that, he'll take a bird-eye view on the shots and the messages behind it, the soft idea represting the directors who are playing with this technique. Finally, Senior Mahmoud will train the applicants on real time shooting situation with equipments, and scripts. The workshot is splitted in 3 days to give the time for applicants to get the full, and best experience before the workshop.",
    "instructorId": 1,
    "lectures": 3,
    "cost": "500",
    "starts_in": "Sep 1, 2022",
    "space": 0,
    "active": true,
    "cat": "Filmmaking",
    "rates": [1, 0, 4, 3, 2, 2, 2, 4]
  },
  "2": {
    "id": 1,
    "name": "The Ultimate Filmmaking Workshop.",
    "bio": "In this workshop, Our instructor, Mahmoud, will talk about the whole director role in the set and how he should controll the whole crew. After that, he'll take a bird-eye view on the shots and the messages behind it, the soft idea represting the directors who are playing with this technique. Finally, Senior Mahmoud will train the applicants on real time shooting situation with equipments, and scripts. The workshot is splitted in 3 days to give the time for applicants to get the full, and best experience before the workshop.",
    "instructorId": 1,
    "lectures": 3,
    "cost": "500",
    "starts_in": "Sep 1, 2022",
    "space": 0,
    "active": true,
    "cat": "Filmmaking",
    "rates": [1, 0, 4, 3, 2, 2, 2, 4]
  },
  "4": {
    "id": 1,
    "name": "The Ultimate Filmmaking Workshop.",
    "bio": "In this workshop, Our instructor, Mahmoud, will talk about the whole director role in the set and how he should controll the whole crew. After that, he'll take a bird-eye view on the shots and the messages behind it, the soft idea represting the directors who are playing with this technique. Finally, Senior Mahmoud will train the applicants on real time shooting situation with equipments, and scripts. The workshot is splitted in 3 days to give the time for applicants to get the full, and best experience before the workshop.",
    "instructorId": 1,
    "lectures": 3,
    "cost": "500",
    "starts_in": "Sep 1, 2022",
    "space": 0,
    "active": true,
    "cat": "Filmmaking",
    "rates": [1, 0, 4, 3, 2, 2, 2, 4]
  },
  "0": {
    "id": 1,
    "name": "The Ultimate Filmmaking Workshop.",
    "bio": "In this workshop, Our instructor, Mahmoud, will talk about the whole director role in the set and how he should controll the whole crew. After that, he'll take a bird-eye view on the shots and the messages behind it, the soft idea represting the directors who are playing with this technique. Finally, Senior Mahmoud will train the applicants on real time shooting situation with equipments, and scripts. The workshot is splitted in 3 days to give the time for applicants to get the full, and best experience before the workshop.",
    "instructorId": 1,
    "lectures": 3,
    "cost": "500",
    "starts_in": "Sep 1, 2022",
    "space": 0,
    "active": true,
    "cat": "Filmmaking",
    "rates": [1, 0, 4, 3, 2, 2, 2, 4]
  }
}
