{"0": {"name": "Abdullah Tharwat", "email": "abdullahthurwatx@gmail.com", "phone": "01117037702", "address": {"address": "4 st. Matba'a st.", "state": "Faisal", "govern": "Giza"}, "birth": "2001-07-25", "courseId": 1}, "1": {"name": "Abdullah Tharwat", "email": "info@cubersio.com", "phone": "01117037702", "address": {"address": "4 Matba'a st.", "state": "Faisal", "govern": "Giza"}, "birth": "2001-07-25", "courseId": 1}, "2": {"name": "Abdullah", "email": "abdullahthurw12atx@gmail.com", "phone": "01117037702", "address": {"address": "Address One", "state": "State One", "govern": "Governrate"}, "birth": "2001-07-25", "courseId": 1}, "3": {"name": "fgsdfgsdfgsdfgsdfgsdfg", "email": "sdfgsdfherysdfgsdfgdfg@dfsfgdfsgsd.fgdsfgsdfgdfg", "phone": "01117037702", "address": {"address": "asdfasdfasdagsgadfgf", "state": "asdgsdgasdgwetwetr", "govern": "wetewsadgfasdfasdf"}, "birth": "2001-07-25", "courseId": 3}, "4": {"name": "fgsdfgsdfgsdfgsdfgsdfg", "email": "sdfgsdfherysdfgsdfgdfg@dfsfgsdfsdfdfsgsd.fgdsfgsdfgdfg", "phone": "01117037702", "address": {"address": "asdfasdfasdagsgadfgf", "state": "asdgsdgasdgwetwetr", "govern": "wetewsadgfasdfasdf"}, "birth": "2001-07-25", "courseId": 0}, "5": {"name": "dasdasdasdasdasd", "email": "ifsdsd@dsds.co", "phone": "01117037702", "address": {"address": "asdasdasdasd", "state": "asdasfasdfsadg", "govern": "sdgfaserqwefsdf"}, "birth": "2001-07-25", "courseId": 1}}