{
  "0": {
    "id": 0,
    "name": "Donia Abdo",
    "bio": "Donia is a mass communication student that worked in many presentation fields. Recently, she is the representer of Egyptian Premiere League's post match Press Conference's.\nDonia has joined Cubers Academy in Sep. 2022 to help in preparing who like presentaion fields or want to improve thier presentation skills.",
    "coursesPresented": [0],
    "rates": [5],
    "email": "d.abdo@cubersio.com",
    "phone": "+20 103 340 0943"
  },
  "1": {
    "id": 1,
    "name": "Mahmoud Khawaga",
    "bio": "Mahmoud Khawaga is one of the most egyptian rising stars as he has published 4 novels and have directed several short movies that nominated and collect prizes already. Mahmoud has joined Cubers Academyin Sep. 2022 to help who is enchantred with filmmaking and directing.",
    "coursesPresented": [1],
    "rates": [5, 3, 2, 1.1, 4.4],
    "email": "mahmoudkhawaga@aucegypt.edu",
    "phone": "+20 101 183 5263",
    "cats": ["Writing", "Scripting", "Directing", "Filmmaking"]
  },
  "2": {
    "id": 0,
    "name": "Donia Abdo",
    "bio": "Donia is a mass communication student that worked in many presentation fields. Recently, she is the representer of Egyptian Premiere League's post match Press Conference's.\nDonia has joined Cubers Academy in Sep. 2022 to help in preparing who like presentaion fields or want to improve thier presentation skills.",
    "coursesPresented": [0],
    "rates": [5],
    "email": "d.abdo@cubersio.com",
    "phone": "+20 103 340 0943"
  },
  "3": {
    "id": 1,
    "name": "Mahmoud Khawaga",
    "bio": "Mahmoud Khawaga is one of the most egyptian rising stars as he has published 4 novels and have directed several short movies that nominated and collect prizes already. Mahmoud has joined Cubers Academyin Sep. 2022 to help who is enchantred with filmmaking and directing.",
    "coursesPresented": [1],
    "rates": [5, 3, 2, 1.1, 4.4],
    "email": "mahmoudkhawaga@aucegypt.edu",
    "phone": "+20 101 183 5263",
    "cats": ["Writing", "Scripting", "Directing", "Filmmaking"]
  }
}
